{
  "models": {
    "random_forest": {
      "accuracy": 0.8638027187173231,
      "precision": 0.8750385878769318,
      "recall": 0.9538400758533502,
      "f1": 0.9126753513751465,
      "auc": 0.9262869563288753
    },
    "xgboost": {
      "accuracy": 0.9008278145695364,
      "precision": 0.909825576504239,
      "recall": 0.9627370417193426,
      "f1": 0.9354483983857506,
      "auc": 0.9449516405035736
    }
  },
  "best_model": "xgboost",
  "roc_data": {
    "random_forest": {
      "fpr": [
        0.0,
        0.0,
        0.0,
        0.005208333333333333,
        0.010416666666666666,
        0.010416666666666666,
        0.015625,
        0.020833333333333332,
        0.020833333333333332,
        0.026041666666666668,
        0.03125,
        0.03125,
        0.036458333333333336,
        0.041666666666666664,
        0.041666666666666664,
        0.046875,
        0.052083333333333336,
        0.057291666666666664,
        0.057291666666666664,
        0.0625,
        0.06770833333333333,
        0.06770833333333333,
        0.078125,
        0.09375,
        0.09375,
        0.09895833333333333,
        0.10416666666666667,
        0.10416666666666667,
        0.109375,
        0.11458333333333333,
        0.11458333333333333,
        0.125,
        0.13020833333333334,
        0.13020833333333334,
        0.13541666666666666,
        0.15104166666666666,
        0.15104166666666666,
        0.15625,
        0.16145833333333334,
        0.16145833333333334,
        0.16666666666666666,
        0.171875,
        0.171875,
        0.18229166666666666,
        0.1875,
        0.1875,
        0.19270833333333334,
        0.203125,
        0.203125,
        0.21875,
        0.23958333333333334,
        0.265625,
        0.265625,
        0.2708333333333333,
        0.28125,
        0.28125,
        0.2864583333333333,
        0.3020833333333333,
        0.3020833333333333,
        0.3125,
        0.3229166666666667,
        0.3229166666666667,
        0.3385416666666667,
        0.3489583333333333,
        0.3489583333333333,
        0.359375,
        0.390625,
        0.390625,
        0.4010416666666667,
        0.4270833333333333,
        0.4270833333333333,
        0.4427083333333333,
        0.453125,
        0.453125,
        0.46875,
        0.4791666666666667,
        0.4791666666666667,
        0.515625,
        0.5260416666666666,
        0.5260416666666666,
        0.53125,
        0.5520833333333334,
        0.5520833333333334,
        0.5625,
        0.578125,
        0.5885416666666666,
        0.5885416666666666,
        0.6041666666666666,
        0.6614583333333334,
        0.6614583333333334,
        0.7239583333333334,
        0.7604166666666666,
        0.7604166666666666,
        0.796875,
        0.8229166666666666,
        0.8229166666666666,
        0.8802083333333334,
        0.9479166666666666,
        0.9479166666666666,
        1.0
      ],
      "tpr": [
        0.0,
        0.0017730496453900709,
        0.12588652482269502,
        0.24645390070921985,
        0.24645390070921985,
        0.26773049645390073,
        0.4521276595744681,
        0.4521276595744681,
        0.4574468085106383,
        0.6719858156028369,
        0.6719858156028369,
        0.6826241134751773,
        0.6861702127659575,
        0.6861702127659575,
        0.7145390070921985,
        0.7180851063829787,
        0.7180851063829787,
        0.725177304964539,
        0.7287234042553191,
        0.7287234042553191,
        0.7588652482269503,
        0.7695035460992907,
        0.7695035460992907,
        0.7712765957446809,
        0.7890070921985816,
        0.7890070921985816,
        0.7943262411347518,
        0.8102836879432624,
        0.8102836879432624,
        0.8120567375886525,
        0.8421985815602837,
        0.8421985815602837,
        0.8528368794326241,
        0.8581560283687943,
        0.8617021276595744,
        0.8617021276595744,
        0.8652482269503546,
        0.8687943262411347,
        0.8687943262411347,
        0.8776595744680851,
        0.8847517730496454,
        0.8847517730496454,
        0.8882978723404256,
        0.8936170212765957,
        0.8936170212765957,
        0.9042553191489362,
        0.9060283687943262,
        0.9060283687943262,
        0.9131205673758865,
        0.9184397163120568,
        0.9184397163120568,
        0.9202127659574468,
        0.9219858156028369,
        0.9219858156028369,
        0.9237588652482269,
        0.925531914893617,
        0.925531914893617,
        0.9290780141843972,
        0.9308510638297872,
        0.9308510638297872,
        0.9326241134751773,
        0.9379432624113475,
        0.9379432624113475,
        0.9414893617021277,
        0.9432624113475178,
        0.9432624113475178,
        0.9450354609929078,
        0.9485815602836879,
        0.9556737588652482,
        0.9556737588652482,
        0.9609929078014184,
        0.9645390070921985,
        0.9645390070921985,
        0.9663120567375887,
        0.9680851063829787,
        0.9680851063829787,
        0.9698581560283688,
        0.973404255319149,
        0.973404255319149,
        0.975177304964539,
        0.9769503546099291,
        0.9769503546099291,
        0.9787234042553191,
        0.9804964539007093,
        0.9804964539007093,
        0.9822695035460993,
        0.9840425531914894,
        0.9840425531914894,
        0.9858156028368794,
        0.9875886524822695,
        0.9875886524822695,
        0.9893617021276596,
        0.9911347517730497,
        0.9911347517730497,
        0.9929078014184397,
        0.9946808510638298,
        0.9946808510638298,
        0.9964539007092199,
        0.99822695035461,
        1.0
      ]
    },