{
  "std_delta_delta_log_energy": 0.016392,
  "std_delta_log_energy": 0.049933,
  "tqwt_maxValue_dec_12": 0.024286,
  "tqwt_entropy_shannon_dec_12": 2.818,
  "tqwt_TKEO_mean_dec_12": 2.33e-05,
  "tqwt_energy_dec_27": 0.10807,
  "tqwt_entropy_shannon_dec_6": 0.59587,
  "tqwt_entropy_log_dec_11": -229943.2967,
  "tqwt_energy_dec_26": 0.057575,
  "std_7th_delta_delta": 0.019681,
  "tqwt_maxValue_dec_11": 0.022796,
  "tqwt_entropy_log_dec_27": -2800.8383,
  "tqwt_TKEO_std_dec_13": 0.00018979,
  "app_LT_TKEO_std_7_coef": 1015.7707,
  "tqwt_maxValue_dec_13": 0.048924,
  "std_Log_energy": 0.34158,
  "ppq5Jitter": 0.00129,
  "tqwt_minValue_dec_13": -0.048924,
  "tqwt_energy_dec_12": 0.00023899,
  "tqwt_stdValue_dec_12": 0.0043241,
  "std_6th_delta_delta": 0.014642,
  "tqwt_entropy_shannon_dec_11": 4.884,
  "tqwt_entropy_log_dec_33": -4540.083,
  "tqwt_stdValue_dec_13": 0.013373,
  "tqwt_TKEO_std_dec_12": 5.9e-05,
  "tqwt_TKEO_std_dec_11": 7.36e-05,
  "tqwt_energy_dec_11": 0.00041458,
  "tqwt_entropy_log_dec_12": -201985.0408,
  "tqwt_stdValue_dec_26": 0.24065,
  "tqwt_minValue_dec_11": -0.026321
}